{"cameraMode":{"drawMode":0,"name":"Shaded","section":"Shading Mode"},"sceneLighting":true,"audioPlay":false,"sceneViewState":{"m_AlwaysRefresh":false,"showFog":true,"showSkybox":true,"showFlares":true,"showImageEffects":true,"showParticleSystems":true,"showVisualEffectGraphs":true,"m_FxEnabled":true},"in2DMode":false,"pivot":{"x":-0.2766232490539551,"y":0.05828692391514778,"z":5.328011989593506},"rotation":{"x":0.18107949197292329,"y":-0.29186388850212099,"z":0.05637143552303314,"w":0.9374712109565735},"size":3.009366273880005,"orthographic":false}